Branch,Category,Jee_Rank,Region,Round
Civil Engineering,GEN,61614,D,1
Geoinformatics,GEN,65001,D,1
Mechanical Engineering with specialization in Electric Vehicles,GEN,48431,D,1
Architecture,GEN,1039,D,1
Civil Engineering,GEN,14172,OD,1
Geoinformatics,GEN,15737,OD,1
Mechanical Engineering with specialization in Electric Vehicles,GEN,12871,OD,1
Architecture,GEN,192,OD,1
Civil Engineering,GEN,68823,D,2
Geoinformatics,GEN,73311,D,2
Mechanical Engineering with specialization in Electric Vehicles,GEN,55533,D,2
Architecture,GEN,2366,D,2
Civil Engineering,GEN,17099,OD,2
Geoinformatics,GEN,19679,OD,2
Mechanical Engineering with specialization in Electric Vehicles,GEN,14832,OD,2
Architecture,GEN,739,OD,2
Civil Engineering,GEN,73522,D,3
Geoinformatics,GEN,78346,D,3
Mechanical Engineering with specialization in Electric Vehicles,GEN,56302,D,3
Architecture,GEN,2997,D,3
Civil Engineering,GEN,18829,OD,3
Geoinformatics,GEN,20964,OD,3
Mechanical Engineering with specialization in Electric Vehicles,GEN,17031,OD,3
Architecture,GEN,720,OD,3
Civil Engineering,GEN,77022,D,4
Geoinformatics,GEN,81566,D,4
Mechanical Engineering with specialization in Electric Vehicles,GEN,63562,D,4
Architecture,GEN,4024,D,4
Civil Engineering,GEN,20855,OD,4
Geoinformatics,GEN,22745,OD,4
Mechanical Engineering with specialization in Electric Vehicles,GEN,18771,OD,4
Architecture,GEN,801,OD,4
Civil Engineering,GEN,92386,D,5
Geoinformatics,GEN,99027,D,5
Mechanical Engineering with specialization in Electric Vehicles,GEN,80654,D,5
Architecture,GEN,5004,D,5
Civil Engineering,GEN,22846,OD,5
Geoinformatics,GEN,24287,OD,5
Mechanical Engineering with specialization in Electric Vehicles,GEN,19538,OD,5
Architecture,GEN,801,OD,5
Civil Engineering,GEN,-,D,U1
Geoinformatics,GEN,-,D,U1
Mechanical Engineering with specialization in Electric Vehicles,GEN,107716,D,U1
Architecture,GEN,35003,D,U1
Civil Engineering,GEN,-,OD,U1
Geoinformatics,GEN,-,OD,U1
Mechanical Engineering with specialization in Electric Vehicles,GEN,-,OD,U1
Architecture,GEN,801,OD,U1
Civil Engineering,GEN,210512,D,S
Geoinformatics,GEN,184976,D,S
Mechanical Engineering with specialization in Electric Vehicles,GEN,114615,D,S
Architecture,GEN,35003,D,S
Civil Engineering,GEN,59209,OD,S
Geoinformatics,GEN,64803,OD,S
Mechanical Engineering with specialization in Electric Vehicles,GEN,50573,OD,S
Architecture,GEN,801,OD,S
Civil Engineering,GEN,640066,D,something bad happened
Geoinformatics,GEN,506294,D,something bad happened
Mechanical Engineering with specialization in Electric Vehicles,GEN,833068,D,something bad happened
Architecture,GEN,35003,D,something bad happened
Civil Engineering,GEN,200421,OD,something bad happened
Geoinformatics,GEN,287426,OD,something bad happened
Mechanical Engineering with specialization in Electric Vehicles,GEN,50573,OD,something bad happened
Architecture,GEN,801,OD,something bad happened
Civil Engineering,SpotRound-1,210512,D,something bad happened
Geoinformatics,SpotRound-1,184976,D,something bad happened
Mechanical Engineering with specialization in Electric Vehicles,SpotRound-1,114615,D,something bad happened
Architecture,SpotRound-1,35003,D,something bad happened
Civil Engineering,SpotRound-1,59209,OD,something bad happened
Geoinformatics,SpotRound-1,64803,OD,something bad happened
Mechanical Engineering with specialization in Electric Vehicles,SpotRound-1,50573,OD,something bad happened
Architecture,SpotRound-1,801,OD,something bad happened
Civil Engineering,SpotRound-2,640066,D,something bad happened
Geoinformatics,SpotRound-2,506294,D,something bad happened
Mechanical Engineering with specialization in Electric Vehicles,SpotRound-2,833068,D,something bad happened
Architecture,SpotRound-2,35003,D,something bad happened
Civil Engineering,SpotRound-2,200421,OD,something bad happened
Geoinformatics,SpotRound-2,287426,OD,something bad happened
Mechanical Engineering with specialization in Electric Vehicles,SpotRound-2,50573,OD,something bad happened
Architecture,SpotRound-2,801,OD,something bad happened
Civil Engineering,GEN-DEF,107291,D,1
Geoinformatics,GEN-DEF,116814 (Priority VI),D,1
Mechanical Engineering with specialization in Electric Vehicles,GEN-DEF,80657,D,1
Architecture,GEN-DEF,21483,D,1
Civil Engineering,GEN-DEF,-,OD,1
Geoinformatics,GEN-DEF,-,OD,1
Mechanical Engineering with specialization in Electric Vehicles,GEN-DEF,-,OD,1
Architecture,GEN-DEF,-,OD,1
Civil Engineering,GEN-DEF,107291,D,2
Geoinformatics,GEN-DEF,146315 (Priority VI),D,2
Mechanical Engineering with specialization in Electric Vehicles,GEN-DEF,115438,D,2
Architecture,GEN-DEF,2963,D,2
Civil Engineering,GEN-DEF,-,OD,2
Geoinformatics,GEN-DEF,-,OD,2
Mechanical Engineering with specialization in Electric Vehicles,GEN-DEF,-,OD,2
Architecture,GEN-DEF,-,OD,2
Civil Engineering,GEN-DEF,107291,D,3
Geoinformatics,GEN-DEF,693307,D,3
Mechanical Engineering with specialization in Electric Vehicles,GEN-DEF,637351,D,3
Architecture,GEN-DEF,7268,D,3
Civil Engineering,GEN-DEF,-,OD,3
Geoinformatics,GEN-DEF,-,OD,3
Mechanical Engineering with specialization in Electric Vehicles,GEN-DEF,-,OD,3
Architecture,GEN-DEF,-,OD,3
Civil Engineering,GEN-DEF,107291,D,4
Geoinformatics,GEN-DEF,146315 (Priority VI),D,4
Mechanical Engineering with specialization in Electric Vehicles,GEN-DEF,108654,D,4
Architecture,GEN-DEF,25179,D,4
Civil Engineering,GEN-DEF,-,OD,4
Geoinformatics,GEN-DEF,-,OD,4
Mechanical Engineering with specialization in Electric Vehicles,GEN-DEF,-,OD,4
Architecture,GEN-DEF,-,OD,4
Civil Engineering,GEN-DEF,186105 (Priority VI),D,5
Geoinformatics,GEN-DEF,174145,D,5
Mechanical Engineering with specialization in Electric Vehicles,GEN-DEF,122422,D,5
Architecture,GEN-DEF,40032,D,5
Civil Engineering,GEN-DEF,-,OD,5
Geoinformatics,GEN-DEF,-,OD,5
Mechanical Engineering with specialization in Electric Vehicles,GEN-DEF,-,OD,5
Architecture,GEN-DEF,-,OD,5
Civil Engineering,GEN-DEF,-,D,U1
Geoinformatics,GEN-DEF,-,D,U1
Mechanical Engineering with specialization in Electric Vehicles,GEN-DEF,-,D,U1
Architecture,GEN-DEF,-,D,U1
Civil Engineering,GEN-DEF,-,OD,U1
Geoinformatics,GEN-DEF,-,OD,U1
Mechanical Engineering with specialization in Electric Vehicles,GEN-DEF,-,OD,U1
Architecture,GEN-DEF,-,OD,U1
Civil Engineering,GEN-DEF,-,D,S
Geoinformatics,GEN-DEF,-,D,S
Mechanical Engineering with specialization in Electric Vehicles,GEN-DEF,-,D,S
Architecture,GEN-DEF,-,D,S
Civil Engineering,GEN-DEF,-,OD,S
Geoinformatics,GEN-DEF,-,OD,S
Mechanical Engineering with specialization in Electric Vehicles,GEN-DEF,-,OD,S
Architecture,GEN-DEF,-,OD,S
Civil Engineering,GEN-DEF,-,D,something bad happened
Geoinformatics,GEN-DEF,-,D,something bad happened
Mechanical Engineering with specialization in Electric Vehicles,GEN-DEF,-,D,something bad happened
Architecture,GEN-DEF,-,D,something bad happened
Civil Engineering,GEN-DEF,-,OD,something bad happened
Geoinformatics,GEN-DEF,-,OD,something bad happened
Mechanical Engineering with specialization in Electric Vehicles,GEN-DEF,-,OD,something bad happened
Architecture,GEN-DEF,-,OD,something bad happened
Civil Engineering,SpotRound-1,-,D,something bad happened
Geoinformatics,SpotRound-1,-,D,something bad happened
Mechanical Engineering with specialization in Electric Vehicles,SpotRound-1,-,D,something bad happened
Architecture,SpotRound-1,-,D,something bad happened
Civil Engineering,SpotRound-1,-,OD,something bad happened
Geoinformatics,SpotRound-1,-,OD,something bad happened
Mechanical Engineering with specialization in Electric Vehicles,SpotRound-1,-,OD,something bad happened
Architecture,SpotRound-1,-,OD,something bad happened
Civil Engineering,SpotRound-2,-,D,something bad happened
Geoinformatics,SpotRound-2,-,D,something bad happened
Mechanical Engineering with specialization in Electric Vehicles,SpotRound-2,-,D,something bad happened
Architecture,SpotRound-2,-,D,something bad happened
Civil Engineering,SpotRound-2,-,OD,something bad happened
Geoinformatics,SpotRound-2,-,OD,something bad happened
Mechanical Engineering with specialization in Electric Vehicles,SpotRound-2,-,OD,something bad happened
Architecture,SpotRound-2,-,OD,something bad happened
Civil Engineering,GENGirlCandidate,85918,D,1
Geoinformatics,GENGirlCandidate,88324,D,1
Mechanical Engineering with specialization in Electric Vehicles,GENGirlCandidate,79049,D,1
Architecture,GENGirlCandidate,-,D,1
Civil Engineering,GENGirlCandidate,19449,OD,1
Geoinformatics,GENGirlCandidate,19310,OD,1
Mechanical Engineering with specialization in Electric Vehicles,GENGirlCandidate,19998,OD,1
Architecture,GENGirlCandidate,-,OD,1
Civil Engineering,GENGirlCandidate,90049,D,2
Geoinformatics,GENGirlCandidate,93037,D,2
Mechanical Engineering with specialization in Electric Vehicles,GENGirlCandidate,84663,D,2
Architecture,GENGirlCandidate,-,D,2
Civil Engineering,GENGirlCandidate,23888,OD,2
Geoinformatics,GENGirlCandidate,24730,OD,2
Mechanical Engineering with specialization in Electric Vehicles,GENGirlCandidate,21977,OD,2
Architecture,GENGirlCandidate,-,OD,2
Civil Engineering,GENGirlCandidate,90049,D,3
Geoinformatics,GENGirlCandidate,93515,D,3
Mechanical Engineering with specialization in Electric Vehicles,GENGirlCandidate,84663,D,3
Architecture,GENGirlCandidate,-,D,3
Civil Engineering,GENGirlCandidate,26102,OD,3
Geoinformatics,GENGirlCandidate,24730,OD,3
Mechanical Engineering with specialization in Electric Vehicles,GENGirlCandidate,24038,OD,3
Architecture,GENGirlCandidate,-,OD,3
Civil Engineering,GENGirlCandidate,93037,D,4
Geoinformatics,GENGirlCandidate,95882,D,4
Mechanical Engineering with specialization in Electric Vehicles,GENGirlCandidate,92062,D,4
Architecture,GENGirlCandidate,-,D,4
Civil Engineering,GENGirlCandidate,27450,OD,4
Geoinformatics,GENGirlCandidate,27700,OD,4
Mechanical Engineering with specialization in Electric Vehicles,GENGirlCandidate,26444,OD,4
Architecture,GENGirlCandidate,-,OD,4
Civil Engineering,GENGirlCandidate,107535,D,5
Geoinformatics,GENGirlCandidate,109322,D,5
Mechanical Engineering with specialization in Electric Vehicles,GENGirlCandidate,105272,D,5
Architecture,GENGirlCandidate,-,D,5
Civil Engineering,GENGirlCandidate,29809,OD,5
Geoinformatics,GENGirlCandidate,31791,OD,5
Mechanical Engineering with specialization in Electric Vehicles,GENGirlCandidate,28774,OD,5
Architecture,GENGirlCandidate,-,OD,5
Civil Engineering,GENGirlCandidate,-,D,U1
Geoinformatics,GENGirlCandidate,-,D,U1
Mechanical Engineering with specialization in Electric Vehicles,GENGirlCandidate,-,D,U1
Architecture,GENGirlCandidate,-,D,U1
Civil Engineering,GENGirlCandidate,-,OD,U1
Geoinformatics,GENGirlCandidate,-,OD,U1
Mechanical Engineering with specialization in Electric Vehicles,GENGirlCandidate,-,OD,U1
Architecture,GENGirlCandidate,-,OD,U1
Civil Engineering,GENGirlCandidate,-,D,S
Geoinformatics,GENGirlCandidate,-,D,S
Mechanical Engineering with specialization in Electric Vehicles,GENGirlCandidate,-,D,S
Architecture,GENGirlCandidate,-,D,S
Civil Engineering,GENGirlCandidate,-,OD,S
Geoinformatics,GENGirlCandidate,-,OD,S
Mechanical Engineering with specialization in Electric Vehicles,GENGirlCandidate,-,OD,S
Architecture,GENGirlCandidate,-,OD,S
Civil Engineering,SpotRound-1,-,D,something bad happened
Geoinformatics,SpotRound-1,-,D,something bad happened
Mechanical Engineering with specialization in Electric Vehicles,SpotRound-1,-,D,something bad happened
Architecture,SpotRound-1,-,D,something bad happened
Civil Engineering,SpotRound-1,-,OD,something bad happened
Geoinformatics,SpotRound-1,-,OD,something bad happened
Mechanical Engineering with specialization in Electric Vehicles,SpotRound-1,-,OD,something bad happened
Architecture,SpotRound-1,-,OD,something bad happened
Civil Engineering,SpotRound-2,-,D,something bad happened
Geoinformatics,SpotRound-2,-,D,something bad happened
Mechanical Engineering with specialization in Electric Vehicles,SpotRound-2,-,D,something bad happened
Architecture,SpotRound-2,-,D,something bad happened
Civil Engineering,SpotRound-2,-,OD,something bad happened
Geoinformatics,SpotRound-2,-,OD,something bad happened
Mechanical Engineering with specialization in Electric Vehicles,SpotRound-2,-,OD,something bad happened
Architecture,SpotRound-2,-,OD,something bad happened
Civil Engineering,GEN-PWD,-,D,1
Geoinformatics,GEN-PWD,-,D,1
Mechanical Engineering with specialization in Electric Vehicles,GEN-PWD,-,D,1
Architecture,GEN-PWD,-,D,1
Civil Engineering,GEN-PWD,-,OD,1
Geoinformatics,GEN-PWD,-,OD,1
Mechanical Engineering with specialization in Electric Vehicles,GEN-PWD,-,OD,1
Architecture,GEN-PWD,-,OD,1
Civil Engineering,GEN-PWD,-,D,2
Geoinformatics,GEN-PWD,-,D,2
Mechanical Engineering with specialization in Electric Vehicles,GEN-PWD,-,D,2
Architecture,GEN-PWD,-,D,2
Civil Engineering,GEN-PWD,-,OD,2
Geoinformatics,GEN-PWD,-,OD,2
Mechanical Engineering with specialization in Electric Vehicles,GEN-PWD,-,OD,2
Architecture,GEN-PWD,-,OD,2
Civil Engineering,GEN-PWD,-,D,3
Geoinformatics,GEN-PWD,-,D,3
Mechanical Engineering with specialization in Electric Vehicles,GEN-PWD,-,D,3
Architecture,GEN-PWD,-,D,3
Civil Engineering,GEN-PWD,-,OD,3
Geoinformatics,GEN-PWD,-,OD,3
Mechanical Engineering with specialization in Electric Vehicles,GEN-PWD,-,OD,3
Architecture,GEN-PWD,-,OD,3
Civil Engineering,GEN-PWD,-,D,4
Geoinformatics,GEN-PWD,-,D,4
Mechanical Engineering with specialization in Electric Vehicles,GEN-PWD,-,D,4
Architecture,GEN-PWD,-,D,4
Civil Engineering,GEN-PWD,-,OD,4
Geoinformatics,GEN-PWD,-,OD,4
Mechanical Engineering with specialization in Electric Vehicles,GEN-PWD,-,OD,4
Architecture,GEN-PWD,-,OD,4
Civil Engineering,GEN-PWD,-,D,5
Geoinformatics,GEN-PWD,-,D,5
Mechanical Engineering with specialization in Electric Vehicles,GEN-PWD,-,D,5
Architecture,GEN-PWD,-,D,5
Civil Engineering,GEN-PWD,-,OD,5
Geoinformatics,GEN-PWD,-,OD,5
Mechanical Engineering with specialization in Electric Vehicles,GEN-PWD,-,OD,5
Architecture,GEN-PWD,-,OD,5
Civil Engineering,GEN-PWD,-,D,U1
Geoinformatics,GEN-PWD,-,D,U1
Mechanical Engineering with specialization in Electric Vehicles,GEN-PWD,-,D,U1
Architecture,GEN-PWD,-,D,U1
Civil Engineering,GEN-PWD,-,OD,U1
Geoinformatics,GEN-PWD,-,OD,U1
Mechanical Engineering with specialization in Electric Vehicles,GEN-PWD,-,OD,U1
Architecture,GEN-PWD,-,OD,U1
Civil Engineering,GEN-PWD,-,D,S
Geoinformatics,GEN-PWD,-,D,S
Mechanical Engineering with specialization in Electric Vehicles,GEN-PWD,-,D,S
Architecture,GEN-PWD,-,D,S
Civil Engineering,GEN-PWD,-,OD,S
Geoinformatics,GEN-PWD,-,OD,S
Mechanical Engineering with specialization in Electric Vehicles,GEN-PWD,-,OD,S
Architecture,GEN-PWD,-,OD,S
Civil Engineering,GEN-PWD,-,D,something bad happened
Geoinformatics,GEN-PWD,-,D,something bad happened
Mechanical Engineering with specialization in Electric Vehicles,GEN-PWD,-,D,something bad happened
Architecture,GEN-PWD,-,D,something bad happened
Civil Engineering,GEN-PWD,-,OD,something bad happened
Geoinformatics,GEN-PWD,-,OD,something bad happened
Mechanical Engineering with specialization in Electric Vehicles,GEN-PWD,-,OD,something bad happened
Architecture,GEN-PWD,-,OD,something bad happened
Civil Engineering,SpotRound-1,-,D,something bad happened
Geoinformatics,SpotRound-1,-,D,something bad happened
Mechanical Engineering with specialization in Electric Vehicles,SpotRound-1,-,D,something bad happened
Architecture,SpotRound-1,-,D,something bad happened
Civil Engineering,SpotRound-1,-,OD,something bad happened
Geoinformatics,SpotRound-1,-,OD,something bad happened
Mechanical Engineering with specialization in Electric Vehicles,SpotRound-1,-,OD,something bad happened
Architecture,SpotRound-1,-,OD,something bad happened
Civil Engineering,SpotRound-2,-,D,something bad happened
Geoinformatics,SpotRound-2,-,D,something bad happened
Mechanical Engineering with specialization in Electric Vehicles,SpotRound-2,-,D,something bad happened
Architecture,SpotRound-2,-,D,something bad happened
Civil Engineering,SpotRound-2,-,OD,something bad happened
Geoinformatics,SpotRound-2,-,OD,something bad happened
Mechanical Engineering with specialization in Electric Vehicles,SpotRound-2,-,OD,something bad happened
Architecture,SpotRound-2,-,OD,something bad happened
Civil Engineering,EWS,97593,D,1
Geoinformatics,EWS,102759,D,1
Mechanical Engineering with specialization in Electric Vehicles,EWS,94868,D,1
Architecture,EWS,19540,D,1
Civil Engineering,EWS,19755,OD,1
Geoinformatics,EWS,-,OD,1
Mechanical Engineering with specialization in Electric Vehicles,EWS,14698,OD,1
Architecture,EWS,1112,OD,1
Civil Engineering,EWS,120176,D,2
Geoinformatics,EWS,121988,D,2
Mechanical Engineering with specialization in Electric Vehicles,EWS,112023,D,2
Architecture,EWS,25561,D,2
Civil Engineering,EWS,22778,OD,2
Geoinformatics,EWS,-,OD,2
Mechanical Engineering with specialization in Electric Vehicles,EWS,19129,OD,2
Architecture,EWS,2680,OD,2
Civil Engineering,EWS,120176,D,3
Geoinformatics,EWS,121988,D,3
Mechanical Engineering with specialization in Electric Vehicles,EWS,112023,D,3
Architecture,EWS,19540,D,3
Civil Engineering,EWS,24231,OD,3
Geoinformatics,EWS,-,OD,3
Mechanical Engineering with specialization in Electric Vehicles,EWS,22058,OD,3
Architecture,EWS,2981,OD,3
Civil Engineering,EWS,121112,D,4
Geoinformatics,EWS,135503,D,4
Mechanical Engineering with specialization in Electric Vehicles,EWS,115619,D,4
Architecture,EWS,24413,D,4
Civil Engineering,EWS,25193,OD,4
Geoinformatics,EWS,-,OD,4
Mechanical Engineering with specialization in Electric Vehicles,EWS,24861,OD,4
Architecture,EWS,3854,OD,4
Civil Engineering,EWS,141101,D,5
Geoinformatics,EWS,155140,D,5
Mechanical Engineering with specialization in Electric Vehicles,EWS,121112,D,5
Architecture,EWS,24413,D,5
Civil Engineering,EWS,26636,OD,5
Geoinformatics,EWS,-,OD,5
Mechanical Engineering with specialization in Electric Vehicles,EWS,26567,OD,5
Architecture,EWS,3893,OD,5
Civil Engineering,EWS,-,D,U1
Geoinformatics,EWS,-,D,U1
Mechanical Engineering with specialization in Electric Vehicles,EWS,-,D,U1
Architecture,EWS,-,D,U1
Civil Engineering,EWS,-,OD,U1
Geoinformatics,EWS,-,OD,U1
Mechanical Engineering with specialization in Electric Vehicles,EWS,-,OD,U1
Architecture,EWS,-,OD,U1
Civil Engineering,EWS,187045,D,S
Geoinformatics,EWS,148769,D,S
Mechanical Engineering with specialization in Electric Vehicles,EWS,173782,D,S
Architecture,EWS,-,D,S
Civil Engineering,EWS,49414,OD,S
Geoinformatics,EWS,-,OD,S
Mechanical Engineering with specialization in Electric Vehicles,EWS,43794,OD,S
Architecture,EWS,-,OD,S
Civil Engineering,EWS,187045,D,something bad happened
Geoinformatics,EWS,148769,D,something bad happened
Mechanical Engineering with specialization in Electric Vehicles,EWS,173782,D,something bad happened
Architecture,EWS,-,D,something bad happened
Civil Engineering,EWS,49414,OD,something bad happened
Geoinformatics,EWS,-,OD,something bad happened
Mechanical Engineering with specialization in Electric Vehicles,EWS,43794,OD,something bad happened
Architecture,EWS,-,OD,something bad happened
Civil Engineering,SpotRound-1,187045,D,something bad happened
Geoinformatics,SpotRound-1,148769,D,something bad happened
Mechanical Engineering with specialization in Electric Vehicles,SpotRound-1,173782,D,something bad happened
Architecture,SpotRound-1,-,D,something bad happened
Civil Engineering,SpotRound-1,49414,OD,something bad happened
Geoinformatics,SpotRound-1,-,OD,something bad happened
Mechanical Engineering with specialization in Electric Vehicles,SpotRound-1,43794,OD,something bad happened
Architecture,SpotRound-1,-,OD,something bad happened
Civil Engineering,SpotRound-2,187045,D,something bad happened
Geoinformatics,SpotRound-2,148769,D,something bad happened
Mechanical Engineering with specialization in Electric Vehicles,SpotRound-2,173782,D,something bad happened
Architecture,SpotRound-2,-,D,something bad happened
Civil Engineering,SpotRound-2,49414,OD,something bad happened
Geoinformatics,SpotRound-2,-,OD,something bad happened
Mechanical Engineering with specialization in Electric Vehicles,SpotRound-2,43794,OD,something bad happened
Architecture,SpotRound-2,-,OD,something bad happened
Civil Engineering,EWS-DEF,-,D,1
Geoinformatics,EWS-DEF,-,D,1
Mechanical Engineering with specialization in Electric Vehicles,EWS-DEF,-,D,1
Architecture,EWS-DEF,-,D,1
Civil Engineering,EWS-DEF,-,OD,1
Geoinformatics,EWS-DEF,-,OD,1
Mechanical Engineering with specialization in Electric Vehicles,EWS-DEF,-,OD,1
Architecture,EWS-DEF,-,OD,1
Civil Engineering,EWS-DEF,-,D,2
Geoinformatics,EWS-DEF,-,D,2
Mechanical Engineering with specialization in Electric Vehicles,EWS-DEF,-,D,2
Architecture,EWS-DEF,-,D,2
Civil Engineering,EWS-DEF,-,OD,2
Geoinformatics,EWS-DEF,-,OD,2
Mechanical Engineering with specialization in Electric Vehicles,EWS-DEF,-,OD,2
Architecture,EWS-DEF,-,OD,2
Civil Engineering,EWS-DEF,-,D,3
Geoinformatics,EWS-DEF,-,D,3
Mechanical Engineering with specialization in Electric Vehicles,EWS-DEF,-,D,3
Architecture,EWS-DEF,-,D,3
Civil Engineering,EWS-DEF,-,OD,3
Geoinformatics,EWS-DEF,-,OD,3
Mechanical Engineering with specialization in Electric Vehicles,EWS-DEF,-,OD,3
Architecture,EWS-DEF,-,OD,3
Civil Engineering,EWS-DEF,-,D,4
Geoinformatics,EWS-DEF,-,D,4
Mechanical Engineering with specialization in Electric Vehicles,EWS-DEF,-,D,4
Architecture,EWS-DEF,-,D,4
Civil Engineering,EWS-DEF,-,OD,4
Geoinformatics,EWS-DEF,-,OD,4
Mechanical Engineering with specialization in Electric Vehicles,EWS-DEF,-,OD,4
Architecture,EWS-DEF,-,OD,4
Civil Engineering,EWS-DEF,-,D,5
Geoinformatics,EWS-DEF,-,D,5
Mechanical Engineering with specialization in Electric Vehicles,EWS-DEF,-,D,5
Architecture,EWS-DEF,-,D,5
Civil Engineering,EWS-DEF,-,OD,5
Geoinformatics,EWS-DEF,-,OD,5
Mechanical Engineering with specialization in Electric Vehicles,EWS-DEF,-,OD,5
Architecture,EWS-DEF,-,OD,5
Civil Engineering,EWS-DEF,-,D,U1
Geoinformatics,EWS-DEF,-,D,U1
Mechanical Engineering with specialization in Electric Vehicles,EWS-DEF,-,D,U1
Architecture,EWS-DEF,-,D,U1
Civil Engineering,EWS-DEF,-,OD,U1
Geoinformatics,EWS-DEF,-,OD,U1
Mechanical Engineering with specialization in Electric Vehicles,EWS-DEF,-,OD,U1
Architecture,EWS-DEF,-,OD,U1
Civil Engineering,EWS-DEF,-,D,S
Geoinformatics,EWS-DEF,-,D,S
Mechanical Engineering with specialization in Electric Vehicles,EWS-DEF,-,D,S
Architecture,EWS-DEF,-,D,S
Civil Engineering,EWS-DEF,-,OD,S
Geoinformatics,EWS-DEF,-,OD,S
Mechanical Engineering with specialization in Electric Vehicles,EWS-DEF,-,OD,S
Architecture,EWS-DEF,-,OD,S
Civil Engineering,EWS-DEF,-,D,something bad happened
Geoinformatics,EWS-DEF,-,D,something bad happened
Mechanical Engineering with specialization in Electric Vehicles,EWS-DEF,-,D,something bad happened
Architecture,EWS-DEF,-,D,something bad happened
Civil Engineering,EWS-DEF,-,OD,something bad happened
Geoinformatics,EWS-DEF,-,OD,something bad happened
Mechanical Engineering with specialization in Electric Vehicles,EWS-DEF,-,OD,something bad happened
Architecture,EWS-DEF,-,OD,something bad happened
Civil Engineering,SpotRound-1,-,D,something bad happened
Geoinformatics,SpotRound-1,-,D,something bad happened
Mechanical Engineering with specialization in Electric Vehicles,SpotRound-1,-,D,something bad happened
Architecture,SpotRound-1,-,D,something bad happened
Civil Engineering,SpotRound-1,-,OD,something bad happened
Geoinformatics,SpotRound-1,-,OD,something bad happened
Mechanical Engineering with specialization in Electric Vehicles,SpotRound-1,-,OD,something bad happened
Architecture,SpotRound-1,-,OD,something bad happened
Civil Engineering,SpotRound-2,-,D,something bad happened
Geoinformatics,SpotRound-2,-,D,something bad happened
Mechanical Engineering with specialization in Electric Vehicles,SpotRound-2,-,D,something bad happened
Architecture,SpotRound-2,-,D,something bad happened
Civil Engineering,SpotRound-2,-,OD,something bad happened
Geoinformatics,SpotRound-2,-,OD,something bad happened
Mechanical Engineering with specialization in Electric Vehicles,SpotRound-2,-,OD,something bad happened
Architecture,SpotRound-2,-,OD,something bad happened
Civil Engineering,EWSGirlCandidate,148571,D,1
Geoinformatics,EWSGirlCandidate,123637,D,1
Mechanical Engineering with specialization in Electric Vehicles,EWSGirlCandidate,127748,D,1
Architecture,EWSGirlCandidate,-,D,1
Civil Engineering,EWSGirlCandidate,23736,OD,1
Geoinformatics,EWSGirlCandidate,-,OD,1
Mechanical Engineering with specialization in Electric Vehicles,EWSGirlCandidate,-,OD,1
Architecture,EWSGirlCandidate,-,OD,1
Civil Engineering,EWSGirlCandidate,165570,D,2
Geoinformatics,EWSGirlCandidate,169347,D,2
Mechanical Engineering with specialization in Electric Vehicles,EWSGirlCandidate,160614,D,2
Architecture,EWSGirlCandidate,-,D,2
Civil Engineering,EWSGirlCandidate,40677,OD,2
Geoinformatics,EWSGirlCandidate,-,OD,2
Mechanical Engineering with specialization in Electric Vehicles,EWSGirlCandidate,-,OD,2
Architecture,EWSGirlCandidate,-,OD,2
Civil Engineering,EWSGirlCandidate,165570,D,3
Geoinformatics,EWSGirlCandidate,172200,D,3
Mechanical Engineering with specialization in Electric Vehicles,EWSGirlCandidate,150195,D,3
Architecture,EWSGirlCandidate,-,D,3
Civil Engineering,EWSGirlCandidate,42697,OD,3
Geoinformatics,EWSGirlCandidate,-,OD,3
Mechanical Engineering with specialization in Electric Vehicles,EWSGirlCandidate,-,OD,3
Architecture,EWSGirlCandidate,-,OD,3
Civil Engineering,EWSGirlCandidate,165570,D,4
Geoinformatics,EWSGirlCandidate,174874,D,4
Mechanical Engineering with specialization in Electric Vehicles,EWSGirlCandidate,162043,D,4
Architecture,EWSGirlCandidate,-,D,4
Civil Engineering,EWSGirlCandidate,45679,OD,4
Geoinformatics,EWSGirlCandidate,-,OD,4
Mechanical Engineering with specialization in Electric Vehicles,EWSGirlCandidate,-,OD,4
Architecture,EWSGirlCandidate,-,OD,4
Civil Engineering,EWSGirlCandidate,183548,D,5
Geoinformatics,EWSGirlCandidate,189270,D,5
Mechanical Engineering with specialization in Electric Vehicles,EWSGirlCandidate,165570,D,5
Architecture,EWSGirlCandidate,-,D,5
Civil Engineering,EWSGirlCandidate,45875,OD,5
Geoinformatics,EWSGirlCandidate,-,OD,5
Mechanical Engineering with specialization in Electric Vehicles,EWSGirlCandidate,-,OD,5
Architecture,EWSGirlCandidate,-,OD,5
Civil Engineering,EWSGirlCandidate,-,D,U1
Geoinformatics,EWSGirlCandidate,-,D,U1
Mechanical Engineering with specialization in Electric Vehicles,EWSGirlCandidate,-,D,U1
Architecture,EWSGirlCandidate,-,D,U1
Civil Engineering,EWSGirlCandidate,-,OD,U1
Geoinformatics,EWSGirlCandidate,-,OD,U1
Mechanical Engineering with specialization in Electric Vehicles,EWSGirlCandidate,-,OD,U1
Architecture,EWSGirlCandidate,-,OD,U1
Civil Engineering,EWSGirlCandidate,-,D,S
Geoinformatics,EWSGirlCandidate,-,D,S
Mechanical Engineering with specialization in Electric Vehicles,EWSGirlCandidate,-,D,S
Architecture,EWSGirlCandidate,-,D,S
Civil Engineering,EWSGirlCandidate,-,OD,S
Geoinformatics,EWSGirlCandidate,-,OD,S
Mechanical Engineering with specialization in Electric Vehicles,EWSGirlCandidate,-,OD,S
Architecture,EWSGirlCandidate,-,OD,S
Civil Engineering,SpotRound-1,-,D,something bad happened
Geoinformatics,SpotRound-1,-,D,something bad happened
Mechanical Engineering with specialization in Electric Vehicles,SpotRound-1,-,D,something bad happened
Architecture,SpotRound-1,-,D,something bad happened
Civil Engineering,SpotRound-1,-,OD,something bad happened
Geoinformatics,SpotRound-1,-,OD,something bad happened
Mechanical Engineering with specialization in Electric Vehicles,SpotRound-1,-,OD,something bad happened
Architecture,SpotRound-1,-,OD,something bad happened
Civil Engineering,SpotRound-2,-,D,something bad happened
Geoinformatics,SpotRound-2,-,D,something bad happened
Mechanical Engineering with specialization in Electric Vehicles,SpotRound-2,-,D,something bad happened
Architecture,SpotRound-2,-,D,something bad happened
Civil Engineering,SpotRound-2,-,OD,something bad happened
Geoinformatics,SpotRound-2,-,OD,something bad happened
Mechanical Engineering with specialization in Electric Vehicles,SpotRound-2,-,OD,something bad happened
Architecture,SpotRound-2,-,OD,something bad happened
Civil Engineering,EWS-PWD,-,D,1
Geoinformatics,EWS-PWD,-,D,1
Mechanical Engineering with specialization in Electric Vehicles,EWS-PWD,-,D,1
Architecture,EWS-PWD,-,D,1
Civil Engineering,EWS-PWD,-,OD,1
Geoinformatics,EWS-PWD,-,OD,1
Mechanical Engineering with specialization in Electric Vehicles,EWS-PWD,-,OD,1
Architecture,EWS-PWD,-,OD,1
Civil Engineering,EWS-PWD,-,D,2
Geoinformatics,EWS-PWD,-,D,2
Mechanical Engineering with specialization in Electric Vehicles,EWS-PWD,-,D,2
Architecture,EWS-PWD,-,D,2
Civil Engineering,EWS-PWD,-,OD,2
Geoinformatics,EWS-PWD,-,OD,2
Mechanical Engineering with specialization in Electric Vehicles,EWS-PWD,-,OD,2
Architecture,EWS-PWD,-,OD,2
Civil Engineering,EWS-PWD,-,D,3
Geoinformatics,EWS-PWD,-,D,3
Mechanical Engineering with specialization in Electric Vehicles,EWS-PWD,-,D,3
Architecture,EWS-PWD,-,D,3
Civil Engineering,EWS-PWD,-,OD,3
Geoinformatics,EWS-PWD,-,OD,3
Mechanical Engineering with specialization in Electric Vehicles,EWS-PWD,-,OD,3
Architecture,EWS-PWD,-,OD,3
Civil Engineering,EWS-PWD,-,D,4
Geoinformatics,EWS-PWD,-,D,4
Mechanical Engineering with specialization in Electric Vehicles,EWS-PWD,-,D,4
Architecture,EWS-PWD,-,D,4
Civil Engineering,EWS-PWD,-,OD,4
Geoinformatics,EWS-PWD,-,OD,4
Mechanical Engineering with specialization in Electric Vehicles,EWS-PWD,-,OD,4
Architecture,EWS-PWD,-,OD,4
Civil Engineering,EWS-PWD,-,D,5
Geoinformatics,EWS-PWD,-,D,5
Mechanical Engineering with specialization in Electric Vehicles,EWS-PWD,-,D,5
Architecture,EWS-PWD,-,D,5
Civil Engineering,EWS-PWD,-,OD,5
Geoinformatics,EWS-PWD,-,OD,5
Mechanical Engineering with specialization in Electric Vehicles,EWS-PWD,-,OD,5
Architecture,EWS-PWD,-,OD,5
Civil Engineering,EWS-PWD,-,D,U1
Geoinformatics,EWS-PWD,-,D,U1
Mechanical Engineering with specialization in Electric Vehicles,EWS-PWD,-,D,U1
Architecture,EWS-PWD,-,D,U1
Civil Engineering,EWS-PWD,-,OD,U1
Geoinformatics,EWS-PWD,-,OD,U1
Mechanical Engineering with specialization in Electric Vehicles,EWS-PWD,-,OD,U1
Architecture,EWS-PWD,-,OD,U1
Civil Engineering,EWS-PWD,-,D,S
Geoinformatics,EWS-PWD,-,D,S
Mechanical Engineering with specialization in Electric Vehicles,EWS-PWD,-,D,S
Architecture,EWS-PWD,-,D,S
Civil Engineering,EWS-PWD,-,OD,S
Geoinformatics,EWS-PWD,-,OD,S
Mechanical Engineering with specialization in Electric Vehicles,EWS-PWD,-,OD,S
Architecture,EWS-PWD,-,OD,S
Civil Engineering,EWS-PWD,-,D,something bad happened
Geoinformatics,EWS-PWD,-,D,something bad happened
Mechanical Engineering with specialization in Electric Vehicles,EWS-PWD,-,D,something bad happened
Architecture,EWS-PWD,-,D,something bad happened
Civil Engineering,EWS-PWD,-,OD,something bad happened
Geoinformatics,EWS-PWD,-,OD,something bad happened
Mechanical Engineering with specialization in Electric Vehicles,EWS-PWD,-,OD,something bad happened
Architecture,EWS-PWD,-,OD,something bad happened
Civil Engineering,SpotRound-1,-,D,something bad happened
Geoinformatics,SpotRound-1,-,D,something bad happened
Mechanical Engineering with specialization in Electric Vehicles,SpotRound-1,-,D,something bad happened
Architecture,SpotRound-1,-,D,something bad happened
Civil Engineering,SpotRound-1,-,OD,something bad happened
Geoinformatics,SpotRound-1,-,OD,something bad happened
Mechanical Engineering with specialization in Electric Vehicles,SpotRound-1,-,OD,something bad happened
Architecture,SpotRound-1,-,OD,something bad happened
Civil Engineering,SpotRound-2,-,D,something bad happened
Geoinformatics,SpotRound-2,-,D,something bad happened
Mechanical Engineering with specialization in Electric Vehicles,SpotRound-2,-,D,something bad happened
Architecture,SpotRound-2,-,D,something bad happened
Civil Engineering,SpotRound-2,-,OD,something bad happened
Geoinformatics,SpotRound-2,-,OD,something bad happened
Mechanical Engineering with specialization in Electric Vehicles,SpotRound-2,-,OD,something bad happened
Architecture,SpotRound-2,-,OD,something bad happened
Civil Engineering,OBC,192031,D,1
Geoinformatics,OBC,202253,D,1
Mechanical Engineering with specialization in Electric Vehicles,OBC,160254,D,1
Architecture,OBC,14330,D,1
Civil Engineering,OBC,26817,OD,1
Geoinformatics,OBC,28325,OD,1
Mechanical Engineering with specialization in Electric Vehicles,OBC,22565,OD,1
Architecture,OBC,801,OD,1
Civil Engineering,OBC,219581,D,2
Geoinformatics,OBC,237544,D,2
Mechanical Engineering with specialization in Electric Vehicles,OBC,200134,D,2
Architecture,OBC,22492,D,2
Civil Engineering,OBC,27552,OD,2
Geoinformatics,OBC,31183,OD,2
Mechanical Engineering with specialization in Electric Vehicles,OBC,26716,OD,2
Architecture,OBC,1489,OD,2
Civil Engineering,OBC,238900,D,3
Geoinformatics,OBC,251098,D,3
Mechanical Engineering with specialization in Electric Vehicles,OBC,209905,D,3
Architecture,OBC,27273,D,3
Civil Engineering,OBC,28227,OD,3
Geoinformatics,OBC,34181,OD,3
Mechanical Engineering with specialization in Electric Vehicles,OBC,27711,OD,3
Architecture,OBC,1745,OD,3
Civil Engineering,OBC,248027,D,4
Geoinformatics,OBC,268242,D,4
Mechanical Engineering with specialization in Electric Vehicles,OBC,232473,D,4
Architecture,OBC,42101,D,4
Civil Engineering,OBC,33094,OD,4
Geoinformatics,OBC,37336,OD,4
Mechanical Engineering with specialization in Electric Vehicles,OBC,28083,OD,4
Architecture,OBC,2717,OD,4
Civil Engineering,OBC,277971,D,5
Geoinformatics,OBC,290569,D,5
Mechanical Engineering with specialization in Electric Vehicles,OBC,255148,D,5
Architecture,OBC,52744,D,5
Civil Engineering,OBC,36235,OD,5
Geoinformatics,OBC,40163,OD,5
Mechanical Engineering with specialization in Electric Vehicles,OBC,29982,OD,5
Architecture,OBC,3598,OD,5
Civil Engineering,OBC,290572,D,U1
Geoinformatics,OBC,-,D,U1
Mechanical Engineering with specialization in Electric Vehicles,OBC,287575,D,U1
Architecture,OBC,-,D,U1
Civil Engineering,OBC,-,OD,U1
Geoinformatics,OBC,-,OD,U1
Mechanical Engineering with specialization in Electric Vehicles,OBC,-,OD,U1
Architecture,OBC,-,OD,U1
Civil Engineering,OBC,359011,D,S
Geoinformatics,OBC,410179,D,S
Mechanical Engineering with specialization in Electric Vehicles,OBC,287575,D,S
Architecture,OBC,-,D,S
Civil Engineering,OBC,85107,OD,S
Geoinformatics,OBC,85120,OD,S
Mechanical Engineering with specialization in Electric Vehicles,OBC,62487,OD,S
Architecture,OBC,-,OD,S
Civil Engineering,OBC,359011,D,something bad happened
Geoinformatics,OBC,410179,D,something bad happened
Mechanical Engineering with specialization in Electric Vehicles,OBC,287575,D,something bad happened
Architecture,OBC,-,D,something bad happened
Civil Engineering,OBC,85107,OD,something bad happened
Geoinformatics,OBC,85120,OD,something bad happened
Mechanical Engineering with specialization in Electric Vehicles,OBC,62487,OD,something bad happened
Architecture,OBC,-,OD,something bad happened
Civil Engineering,SpotRound-1,359011,D,something bad happened
Geoinformatics,SpotRound-1,410179,D,something bad happened
Mechanical Engineering with specialization in Electric Vehicles,SpotRound-1,287575,D,something bad happened
Architecture,SpotRound-1,-,D,something bad happened
Civil Engineering,SpotRound-1,85107,OD,something bad happened
Geoinformatics,SpotRound-1,85120,OD,something bad happened
Mechanical Engineering with specialization in Electric Vehicles,SpotRound-1,62487,OD,something bad happened
Architecture,SpotRound-1,-,OD,something bad happened
Civil Engineering,SpotRound-2,359011,D,something bad happened
Geoinformatics,SpotRound-2,410179,D,something bad happened
Mechanical Engineering with specialization in Electric Vehicles,SpotRound-2,287575,D,something bad happened
Architecture,SpotRound-2,-,D,something bad happened
Civil Engineering,SpotRound-2,85107,OD,something bad happened
Geoinformatics,SpotRound-2,85120,OD,something bad happened
Mechanical Engineering with specialization in Electric Vehicles,SpotRound-2,62487,OD,something bad happened
Architecture,SpotRound-2,-,OD,something bad happened
Civil Engineering,OBC-DEF,-,D,1
Geoinformatics,OBC-DEF,658432 (Priority VI),D,1
Mechanical Engineering with specialization in Electric Vehicles,OBC-DEF,384647,D,1
Architecture,OBC-DEF,-,D,1
Civil Engineering,OBC-DEF,33985,OD,1
Geoinformatics,OBC-DEF,-,OD,1
Mechanical Engineering with specialization in Electric Vehicles,OBC-DEF,-,OD,1
Architecture,OBC-DEF,-,OD,1
Civil Engineering,OBC-DEF,-,D,2
Geoinformatics,OBC-DEF,410804 (Priority VIII),D,2
Mechanical Engineering with specialization in Electric Vehicles,OBC-DEF,230741,D,2
Architecture,OBC-DEF,-,D,2
Civil Engineering,OBC-DEF,41528 (Priority VI),OD,2
Geoinformatics,OBC-DEF,-,OD,2
Mechanical Engineering with specialization in Electric Vehicles,OBC-DEF,-,OD,2
Architecture,OBC-DEF,-,OD,2
Civil Engineering,OBC-DEF,-,D,3
Geoinformatics,OBC-DEF,451057 (Priority VIII),D,3
Mechanical Engineering with specialization in Electric Vehicles,OBC-DEF,255033,D,3
Architecture,OBC-DEF,-,D,3
Civil Engineering,OBC-DEF,41528 (Priority VI),OD,3
Geoinformatics,OBC-DEF,-,OD,3
Mechanical Engineering with specialization in Electric Vehicles,OBC-DEF,-,OD,3
Architecture,OBC-DEF,-,OD,3
Civil Engineering,OBC-DEF,-,D,4
Geoinformatics,OBC-DEF,461869 (Priority VIII),D,4
Mechanical Engineering with specialization in Electric Vehicles,OBC-DEF,255033,D,4
Architecture,OBC-DEF,-,D,4
Civil Engineering,OBC-DEF,41528 (Priority VI),OD,4
Geoinformatics,OBC-DEF,-,OD,4
Mechanical Engineering with specialization in Electric Vehicles,OBC-DEF,-,OD,4
Architecture,OBC-DEF,-,OD,4
Civil Engineering,OBC-DEF,-,D,5
Geoinformatics,OBC-DEF,480661 (Priority VIII),D,5
Mechanical Engineering with specialization in Electric Vehicles,OBC-DEF,361553,D,5
Architecture,OBC-DEF,-,D,5
Civil Engineering,OBC-DEF,42038 (Priority VI),OD,5
Geoinformatics,OBC-DEF,-,OD,5
Mechanical Engineering with specialization in Electric Vehicles,OBC-DEF,-,OD,5
Architecture,OBC-DEF,-,OD,5
Civil Engineering,OBC-DEF,-,D,U1
Geoinformatics,OBC-DEF,-,D,U1
Mechanical Engineering with specialization in Electric Vehicles,OBC-DEF,-,D,U1
Architecture,OBC-DEF,-,D,U1
Civil Engineering,OBC-DEF,-,OD,U1
Geoinformatics,OBC-DEF,-,OD,U1
Mechanical Engineering with specialization in Electric Vehicles,OBC-DEF,-,OD,U1
Architecture,OBC-DEF,-,OD,U1
Civil Engineering,OBC-DEF,-,D,S
Geoinformatics,OBC-DEF,-,D,S
Mechanical Engineering with specialization in Electric Vehicles,OBC-DEF,-,D,S
Architecture,OBC-DEF,-,D,S
Civil Engineering,OBC-DEF,-,OD,S
Geoinformatics,OBC-DEF,-,OD,S
Mechanical Engineering with specialization in Electric Vehicles,OBC-DEF,-,OD,S
Architecture,OBC-DEF,-,OD,S
Civil Engineering,OBC-DEF,-,D,something bad happened
Geoinformatics,OBC-DEF,-,D,something bad happened
Mechanical Engineering with specialization in Electric Vehicles,OBC-DEF,-,D,something bad happened
Architecture,OBC-DEF,-,D,something bad happened
Civil Engineering,OBC-DEF,-,OD,something bad happened
Geoinformatics,OBC-DEF,-,OD,something bad happened
Mechanical Engineering with specialization in Electric Vehicles,OBC-DEF,-,OD,something bad happened
Architecture,OBC-DEF,-,OD,something bad happened
Civil Engineering,SpotRound-1,-,D,something bad happened
Geoinformatics,SpotRound-1,-,D,something bad happened
Mechanical Engineering with specialization in Electric Vehicles,SpotRound-1,-,D,something bad happened
Architecture,SpotRound-1,-,D,something bad happened
Civil Engineering,SpotRound-1,-,OD,something bad happened
Geoinformatics,SpotRound-1,-,OD,something bad happened
Mechanical Engineering with specialization in Electric Vehicles,SpotRound-1,-,OD,something bad happened
Architecture,SpotRound-1,-,OD,something bad happened
Civil Engineering,SpotRound-2,-,D,something bad happened
Geoinformatics,SpotRound-2,-,D,something bad happened
Mechanical Engineering with specialization in Electric Vehicles,SpotRound-2,-,D,something bad happened
Architecture,SpotRound-2,-,D,something bad happened
Civil Engineering,SpotRound-2,-,OD,something bad happened
Geoinformatics,SpotRound-2,-,OD,something bad happened
Mechanical Engineering with specialization in Electric Vehicles,SpotRound-2,-,OD,something bad happened
Architecture,SpotRound-2,-,OD,something bad happened
Civil Engineering,OBCGirlCandidate,328871,D,1
Geoinformatics,OBCGirlCandidate,329416,D,1
Mechanical Engineering with specialization in Electric Vehicles,OBCGirlCandidate,322093,D,1
Architecture,OBCGirlCandidate,-,D,1
Civil Engineering,OBCGirlCandidate,-,OD,1
Geoinformatics,OBCGirlCandidate,-,OD,1
Mechanical Engineering with specialization in Electric Vehicles,OBCGirlCandidate,36663,OD,1
Architecture,OBCGirlCandidate,-,OD,1
Civil Engineering,OBCGirlCandidate,374104,D,2
Geoinformatics,OBCGirlCandidate,384235,D,2
Mechanical Engineering with specialization in Electric Vehicles,OBCGirlCandidate,383199,D,2
Architecture,OBCGirlCandidate,-,D,2
Civil Engineering,OBCGirlCandidate,-,OD,2
Geoinformatics,OBCGirlCandidate,-,OD,2
Mechanical Engineering with specialization in Electric Vehicles,OBCGirlCandidate,44537,OD,2
Architecture,OBCGirlCandidate,-,OD,2
Civil Engineering,OBCGirlCandidate,414427,D,3
Geoinformatics,OBCGirlCandidate,389744,D,3
Mechanical Engineering with specialization in Electric Vehicles,OBCGirlCandidate,400151,D,3
Architecture,OBCGirlCandidate,-,D,3
Civil Engineering,OBCGirlCandidate,-,OD,3
Geoinformatics,OBCGirlCandidate,-,OD,3
Mechanical Engineering with specialization in Electric Vehicles,OBCGirlCandidate,51920,OD,3
Architecture,OBCGirlCandidate,-,OD,3
Civil Engineering,OBCGirlCandidate,458809,D,4
Geoinformatics,OBCGirlCandidate,452612,D,4
Mechanical Engineering with specialization in Electric Vehicles,OBCGirlCandidate,434179,D,4
Architecture,OBCGirlCandidate,-,D,4
Civil Engineering,OBCGirlCandidate,-,OD,4
Geoinformatics,OBCGirlCandidate,-,OD,4
Mechanical Engineering with specialization in Electric Vehicles,OBCGirlCandidate,52875,OD,4
Architecture,OBCGirlCandidate,-,OD,4
Civil Engineering,OBCGirlCandidate,486192,D,5
Geoinformatics,OBCGirlCandidate,465557,D,5
Mechanical Engineering with specialization in Electric Vehicles,OBCGirlCandidate,479819,D,5
Architecture,OBCGirlCandidate,-,D,5
Civil Engineering,OBCGirlCandidate,-,OD,5
Geoinformatics,OBCGirlCandidate,-,OD,5
Mechanical Engineering with specialization in Electric Vehicles,OBCGirlCandidate,57753,OD,5
Architecture,OBCGirlCandidate,-,OD,5
Civil Engineering,OBCGirlCandidate,-,D,U1
Geoinformatics,OBCGirlCandidate,-,D,U1
Mechanical Engineering with specialization in Electric Vehicles,OBCGirlCandidate,-,D,U1
Architecture,OBCGirlCandidate,-,D,U1
Civil Engineering,OBCGirlCandidate,-,OD,U1
Geoinformatics,OBCGirlCandidate,-,OD,U1
Mechanical Engineering with specialization in Electric Vehicles,OBCGirlCandidate,-,OD,U1
Architecture,OBCGirlCandidate,-,OD,U1
Civil Engineering,OBCGirlCandidate,-,D,S
Geoinformatics,OBCGirlCandidate,-,D,S
Mechanical Engineering with specialization in Electric Vehicles,OBCGirlCandidate,-,D,S
Architecture,OBCGirlCandidate,-,D,S
Civil Engineering,OBCGirlCandidate,-,OD,S
Geoinformatics,OBCGirlCandidate,-,OD,S
Mechanical Engineering with specialization in Electric Vehicles,OBCGirlCandidate,-,OD,S
Architecture,OBCGirlCandidate,-,OD,S
Civil Engineering,SpotRound-1,-,D,something bad happened
Geoinformatics,SpotRound-1,-,D,something bad happened
Mechanical Engineering with specialization in Electric Vehicles,SpotRound-1,-,D,something bad happened
Architecture,SpotRound-1,-,D,something bad happened
Civil Engineering,SpotRound-1,-,OD,something bad happened
Geoinformatics,SpotRound-1,-,OD,something bad happened
Mechanical Engineering with specialization in Electric Vehicles,SpotRound-1,-,OD,something bad happened
Architecture,SpotRound-1,-,OD,something bad happened
Civil Engineering,SpotRound-2,-,D,something bad happened
Geoinformatics,SpotRound-2,-,D,something bad happened
Mechanical Engineering with specialization in Electric Vehicles,SpotRound-2,-,D,something bad happened
Architecture,SpotRound-2,-,D,something bad happened
Civil Engineering,SpotRound-2,-,OD,something bad happened
Geoinformatics,SpotRound-2,-,OD,something bad happened
Mechanical Engineering with specialization in Electric Vehicles,SpotRound-2,-,OD,something bad happened
Architecture,SpotRound-2,-,OD,something bad happened
Civil Engineering,OBC-PWD,-,D,1
Geoinformatics,OBC-PWD,-,D,1
Mechanical Engineering with specialization in Electric Vehicles,OBC-PWD,-,D,1
Architecture,OBC-PWD,-,D,1
Civil Engineering,OBC-PWD,-,OD,1
Geoinformatics,OBC-PWD,-,OD,1
Mechanical Engineering with specialization in Electric Vehicles,OBC-PWD,-,OD,1
Architecture,OBC-PWD,-,OD,1
Civil Engineering,OBC-PWD,-,D,2
Geoinformatics,OBC-PWD,-,D,2
Mechanical Engineering with specialization in Electric Vehicles,OBC-PWD,-,D,2
Architecture,OBC-PWD,-,D,2
Civil Engineering,OBC-PWD,-,OD,2
Geoinformatics,OBC-PWD,-,OD,2
Mechanical Engineering with specialization in Electric Vehicles,OBC-PWD,-,OD,2
Architecture,OBC-PWD,-,OD,2
Civil Engineering,OBC-PWD,-,D,3
Geoinformatics,OBC-PWD,-,D,3
Mechanical Engineering with specialization in Electric Vehicles,OBC-PWD,-,D,3
Architecture,OBC-PWD,-,D,3
Civil Engineering,OBC-PWD,-,OD,3
Geoinformatics,OBC-PWD,-,OD,3
Mechanical Engineering with specialization in Electric Vehicles,OBC-PWD,-,OD,3
Architecture,OBC-PWD,-,OD,3
Civil Engineering,OBC-PWD,-,D,4
Geoinformatics,OBC-PWD,-,D,4
Mechanical Engineering with specialization in Electric Vehicles,OBC-PWD,-,D,4
Architecture,OBC-PWD,-,D,4
Civil Engineering,OBC-PWD,-,OD,4
Geoinformatics,OBC-PWD,-,OD,4
Mechanical Engineering with specialization in Electric Vehicles,OBC-PWD,-,OD,4
Architecture,OBC-PWD,-,OD,4
Civil Engineering,OBC-PWD,-,D,5
Geoinformatics,OBC-PWD,-,D,5
Mechanical Engineering with specialization in Electric Vehicles,OBC-PWD,-,D,5
Architecture,OBC-PWD,-,D,5
Civil Engineering,OBC-PWD,-,OD,5
Geoinformatics,OBC-PWD,-,OD,5
Mechanical Engineering with specialization in Electric Vehicles,OBC-PWD,-,OD,5
Architecture,OBC-PWD,-,OD,5
Civil Engineering,OBC-PWD,-,D,U1
Geoinformatics,OBC-PWD,-,D,U1
Mechanical Engineering with specialization in Electric Vehicles,OBC-PWD,-,D,U1
Architecture,OBC-PWD,-,D,U1
Civil Engineering,OBC-PWD,-,OD,U1
Geoinformatics,OBC-PWD,-,OD,U1
Mechanical Engineering with specialization in Electric Vehicles,OBC-PWD,-,OD,U1
Architecture,OBC-PWD,-,OD,U1
Civil Engineering,OBC-PWD,-,D,S
Geoinformatics,OBC-PWD,-,D,S
Mechanical Engineering with specialization in Electric Vehicles,OBC-PWD,-,D,S
Architecture,OBC-PWD,-,D,S
Civil Engineering,OBC-PWD,-,OD,S
Geoinformatics,OBC-PWD,-,OD,S
Mechanical Engineering with specialization in Electric Vehicles,OBC-PWD,-,OD,S
Architecture,OBC-PWD,-,OD,S
Civil Engineering,OBC-PWD,-,D,something bad happened
Geoinformatics,OBC-PWD,-,D,something bad happened
Mechanical Engineering with specialization in Electric Vehicles,OBC-PWD,-,D,something bad happened
Architecture,OBC-PWD,-,D,something bad happened
Civil Engineering,OBC-PWD,-,OD,something bad happened
Geoinformatics,OBC-PWD,-,OD,something bad happened
Mechanical Engineering with specialization in Electric Vehicles,OBC-PWD,-,OD,something bad happened
Architecture,OBC-PWD,-,OD,something bad happened
Civil Engineering,SpotRound-1,-,D,something bad happened
Geoinformatics,SpotRound-1,-,D,something bad happened
Mechanical Engineering with specialization in Electric Vehicles,SpotRound-1,-,D,something bad happened
Architecture,SpotRound-1,-,D,something bad happened
Civil Engineering,SpotRound-1,-,OD,something bad happened
Geoinformatics,SpotRound-1,-,OD,something bad happened
Mechanical Engineering with specialization in Electric Vehicles,SpotRound-1,-,OD,something bad happened
Architecture,SpotRound-1,-,OD,something bad happened
Civil Engineering,SpotRound-2,-,D,something bad happened
Geoinformatics,SpotRound-2,-,D,something bad happened
Mechanical Engineering with specialization in Electric Vehicles,SpotRound-2,-,D,something bad happened
Architecture,SpotRound-2,-,D,something bad happened
Civil Engineering,SpotRound-2,-,OD,something bad happened
Geoinformatics,SpotRound-2,-,OD,something bad happened
Mechanical Engineering with specialization in Electric Vehicles,SpotRound-2,-,OD,something bad happened
Architecture,SpotRound-2,-,OD,something bad happened
Civil Engineering,SC,297655,D,1
Geoinformatics,SC,312708,D,1
Mechanical Engineering with specialization in Electric Vehicles,SC,270279,D,1
Architecture,SC,6688,D,1
Civil Engineering,SC,84769,OD,1
Geoinformatics,SC,72969,OD,1
Mechanical Engineering with specialization in Electric Vehicles,SC,72465,OD,1
Architecture,SC,829,OD,1
Civil Engineering,SC,323642,D,2
Geoinformatics,SC,373478,D,2
Mechanical Engineering with specialization in Electric Vehicles,SC,332060,D,2
Architecture,SC,9770,D,2
Civil Engineering,SC,92651,OD,2
Geoinformatics,SC,97685,OD,2
Mechanical Engineering with specialization in Electric Vehicles,SC,90337,OD,2
Architecture,SC,829,OD,2
Civil Engineering,SC,348167,D,3
Geoinformatics,SC,391079,D,3
Mechanical Engineering with specialization in Electric Vehicles,SC,333228,D,3
Architecture,SC,15693,D,3
Civil Engineering,SC,111297,OD,3
Geoinformatics,SC,109730,OD,3
Mechanical Engineering with specialization in Electric Vehicles,SC,104016,OD,3
Architecture,SC,829,OD,3
Civil Engineering,SC,390613,D,4
Geoinformatics,SC,413634,D,4
Mechanical Engineering with specialization in Electric Vehicles,SC,375368,D,4
Architecture,SC,19841,D,4
Civil Engineering,SC,119180,OD,4
Geoinformatics,SC,124149,OD,4
Mechanical Engineering with specialization in Electric Vehicles,SC,119943,OD,4
Architecture,SC,829,OD,4
Civil Engineering,SC,505617,D,5
Geoinformatics,SC,554906,D,5
Mechanical Engineering with specialization in Electric Vehicles,SC,471426,D,5
Architecture,SC,40499,D,5
Civil Engineering,SC,133658,OD,5
Geoinformatics,SC,128404,OD,5
Mechanical Engineering with specialization in Electric Vehicles,SC,130272,OD,5
Architecture,SC,3244,OD,5
Civil Engineering,SC,-,D,U1
Geoinformatics,SC,-,D,U1
Mechanical Engineering with specialization in Electric Vehicles,SC,-,D,U1
Architecture,SC,-,D,U1
Civil Engineering,SC,-,OD,U1
Geoinformatics,SC,-,OD,U1
Mechanical Engineering with specialization in Electric Vehicles,SC,-,OD,U1
Architecture,SC,-,OD,U1
Civil Engineering,SC,1039366,D,S
Geoinformatics,SC,525965,D,S
Mechanical Engineering with specialization in Electric Vehicles,SC,833068,D,S
Architecture,SC,-,D,S
Civil Engineering,SC,230235,OD,S
Geoinformatics,SC,588183,OD,S
Mechanical Engineering with specialization in Electric Vehicles,SC,211846,OD,S
Architecture,SC,-,OD,S
Civil Engineering,SC,1039366,D,something bad happened
Geoinformatics,SC,525965,D,something bad happened
Mechanical Engineering with specialization in Electric Vehicles,SC,833068,D,something bad happened
Architecture,SC,-,D,something bad happened
Civil Engineering,SC,230235,OD,something bad happened
Geoinformatics,SC,588183,OD,something bad happened
Mechanical Engineering with specialization in Electric Vehicles,SC,211846,OD,something bad happened
Architecture,SC,-,OD,something bad happened
Civil Engineering,SpotRound-1,1039366,D,something bad happened
Geoinformatics,SpotRound-1,525965,D,something bad happened
Mechanical Engineering with specialization in Electric Vehicles,SpotRound-1,833068,D,something bad happened
Architecture,SpotRound-1,-,D,something bad happened
Civil Engineering,SpotRound-1,230235,OD,something bad happened
Geoinformatics,SpotRound-1,588183,OD,something bad happened
Mechanical Engineering with specialization in Electric Vehicles,SpotRound-1,211846,OD,something bad happened
Architecture,SpotRound-1,-,OD,something bad happened
Civil Engineering,SpotRound-2,1039366,D,something bad happened
Geoinformatics,SpotRound-2,525965,D,something bad happened
Mechanical Engineering with specialization in Electric Vehicles,SpotRound-2,833068,D,something bad happened
Architecture,SpotRound-2,-,D,something bad happened
Civil Engineering,SpotRound-2,230235,OD,something bad happened
Geoinformatics,SpotRound-2,588183,OD,something bad happened
Mechanical Engineering with specialization in Electric Vehicles,SpotRound-2,211846,OD,something bad happened
Architecture,SpotRound-2,-,OD,something bad happened
Civil Engineering,SC-DEF,-,D,1
Geoinformatics,SC-DEF,-,D,1
Mechanical Engineering with specialization in Electric Vehicles,SC-DEF,-,D,1
Architecture,SC-DEF,-,D,1
Civil Engineering,SC-DEF,-,OD,1
Geoinformatics,SC-DEF,-,OD,1
Mechanical Engineering with specialization in Electric Vehicles,SC-DEF,-,OD,1
Architecture,SC-DEF,-,OD,1
Civil Engineering,SC-DEF,-,D,2
Geoinformatics,SC-DEF,-,D,2
Mechanical Engineering with specialization in Electric Vehicles,SC-DEF,-,D,2
Architecture,SC-DEF,-,D,2
Civil Engineering,SC-DEF,-,OD,2
Geoinformatics,SC-DEF,-,OD,2
Mechanical Engineering with specialization in Electric Vehicles,SC-DEF,-,OD,2
Architecture,SC-DEF,-,OD,2
Civil Engineering,SC-DEF,-,D,3
Geoinformatics,SC-DEF,-,D,3
Mechanical Engineering with specialization in Electric Vehicles,SC-DEF,-,D,3
Architecture,SC-DEF,-,D,3
Civil Engineering,SC-DEF,-,OD,3
Geoinformatics,SC-DEF,-,OD,3
Mechanical Engineering with specialization in Electric Vehicles,SC-DEF,-,OD,3
Architecture,SC-DEF,-,OD,3
Civil Engineering,SC-DEF,-,D,4
Geoinformatics,SC-DEF,-,D,4
Mechanical Engineering with specialization in Electric Vehicles,SC-DEF,-,D,4
Architecture,SC-DEF,-,D,4
Civil Engineering,SC-DEF,-,OD,4
Geoinformatics,SC-DEF,-,OD,4
Mechanical Engineering with specialization in Electric Vehicles,SC-DEF,-,OD,4
Architecture,SC-DEF,-,OD,4
Civil Engineering,SC-DEF,-,D,5
Geoinformatics,SC-DEF,-,D,5
Mechanical Engineering with specialization in Electric Vehicles,SC-DEF,-,D,5
Architecture,SC-DEF,-,D,5
Civil Engineering,SC-DEF,-,OD,5
Geoinformatics,SC-DEF,-,OD,5
Mechanical Engineering with specialization in Electric Vehicles,SC-DEF,-,OD,5
Architecture,SC-DEF,-,OD,5
Civil Engineering,SC-DEF,-,D,U1
Geoinformatics,SC-DEF,-,D,U1
Mechanical Engineering with specialization in Electric Vehicles,SC-DEF,-,D,U1
Architecture,SC-DEF,-,D,U1
Civil Engineering,SC-DEF,-,OD,U1
Geoinformatics,SC-DEF,-,OD,U1
Mechanical Engineering with specialization in Electric Vehicles,SC-DEF,-,OD,U1
Architecture,SC-DEF,-,OD,U1
Civil Engineering,SC-DEF,-,D,S
Geoinformatics,SC-DEF,-,D,S
Mechanical Engineering with specialization in Electric Vehicles,SC-DEF,-,D,S
Architecture,SC-DEF,-,D,S
Civil Engineering,SC-DEF,-,OD,S
Geoinformatics,SC-DEF,-,OD,S
Mechanical Engineering with specialization in Electric Vehicles,SC-DEF,-,OD,S
Architecture,SC-DEF,-,OD,S
Civil Engineering,SC-DEF,-,D,something bad happened
Geoinformatics,SC-DEF,-,D,something bad happened
Mechanical Engineering with specialization in Electric Vehicles,SC-DEF,-,D,something bad happened
Architecture,SC-DEF,-,D,something bad happened
Civil Engineering,SC-DEF,-,OD,something bad happened
Geoinformatics,SC-DEF,-,OD,something bad happened
Mechanical Engineering with specialization in Electric Vehicles,SC-DEF,-,OD,something bad happened
Architecture,SC-DEF,-,OD,something bad happened
Civil Engineering,SpotRound-1,-,D,something bad happened
Geoinformatics,SpotRound-1,-,D,something bad happened
Mechanical Engineering with specialization in Electric Vehicles,SpotRound-1,-,D,something bad happened
Architecture,SpotRound-1,-,D,something bad happened
Civil Engineering,SpotRound-1,-,OD,something bad happened
Geoinformatics,SpotRound-1,-,OD,something bad happened
Mechanical Engineering with specialization in Electric Vehicles,SpotRound-1,-,OD,something bad happened
Architecture,SpotRound-1,-,OD,something bad happened
Civil Engineering,SpotRound-2,-,D,something bad happened
Geoinformatics,SpotRound-2,-,D,something bad happened
Mechanical Engineering with specialization in Electric Vehicles,SpotRound-2,-,D,something bad happened
Architecture,SpotRound-2,-,D,something bad happened
Civil Engineering,SpotRound-2,-,OD,something bad happened
Geoinformatics,SpotRound-2,-,OD,something bad happened
Mechanical Engineering with specialization in Electric Vehicles,SpotRound-2,-,OD,something bad happened
Architecture,SpotRound-2,-,OD,something bad happened
Civil Engineering,SCGirlCandidate,400404,D,1
Geoinformatics,SCGirlCandidate,441081,D,1
Mechanical Engineering with specialization in Electric Vehicles,SCGirlCandidate,459503,D,1
Architecture,SCGirlCandidate,-,D,1
Civil Engineering,SCGirlCandidate,-,OD,1
Geoinformatics,SCGirlCandidate,-,OD,1
Mechanical Engineering with specialization in Electric Vehicles,SCGirlCandidate,-,OD,1
Architecture,SCGirlCandidate,-,OD,1
Civil Engineering,SCGirlCandidate,408984,D,2
Geoinformatics,SCGirlCandidate,516136,D,2
Mechanical Engineering with specialization in Electric Vehicles,SCGirlCandidate,477772,D,2
Architecture,SCGirlCandidate,-,D,2
Civil Engineering,SCGirlCandidate,-,OD,2
Geoinformatics,SCGirlCandidate,-,OD,2
Mechanical Engineering with specialization in Electric Vehicles,SCGirlCandidate,-,OD,2
Architecture,SCGirlCandidate,-,OD,2
Civil Engineering,SCGirlCandidate,470858,D,3
Geoinformatics,SCGirlCandidate,516136,D,3
Mechanical Engineering with specialization in Electric Vehicles,SCGirlCandidate,477772,D,3
Architecture,SCGirlCandidate,-,D,3
Civil Engineering,SCGirlCandidate,-,OD,3
Geoinformatics,SCGirlCandidate,-,OD,3
Mechanical Engineering with specialization in Electric Vehicles,SCGirlCandidate,-,OD,3
Architecture,SCGirlCandidate,-,OD,3
Civil Engineering,SCGirlCandidate,470858,D,4
Geoinformatics,SCGirlCandidate,524508,D,4
Mechanical Engineering with specialization in Electric Vehicles,SCGirlCandidate,513253,D,4
Architecture,SCGirlCandidate,-,D,4
Civil Engineering,SCGirlCandidate,-,OD,4
Geoinformatics,SCGirlCandidate,-,OD,4
Mechanical Engineering with specialization in Electric Vehicles,SCGirlCandidate,-,OD,4
Architecture,SCGirlCandidate,-,OD,4
Civil Engineering,SCGirlCandidate,643195,D,5
Geoinformatics,SCGirlCandidate,797746,D,5
Mechanical Engineering with specialization in Electric Vehicles,SCGirlCandidate,736571,D,5
Architecture,SCGirlCandidate,-,D,5
Civil Engineering,SCGirlCandidate,-,OD,5
Geoinformatics,SCGirlCandidate,-,OD,5
Mechanical Engineering with specialization in Electric Vehicles,SCGirlCandidate,-,OD,5
Architecture,SCGirlCandidate,-,OD,5
Civil Engineering,SCGirlCandidate,-,D,U1
Geoinformatics,SCGirlCandidate,-,D,U1
Mechanical Engineering with specialization in Electric Vehicles,SCGirlCandidate,-,D,U1
Architecture,SCGirlCandidate,-,D,U1
Civil Engineering,SCGirlCandidate,-,OD,U1
Geoinformatics,SCGirlCandidate,-,OD,U1
Mechanical Engineering with specialization in Electric Vehicles,SCGirlCandidate,-,OD,U1
Architecture,SCGirlCandidate,-,OD,U1
Civil Engineering,SCGirlCandidate,-,D,S
Geoinformatics,SCGirlCandidate,-,D,S
Mechanical Engineering with specialization in Electric Vehicles,SCGirlCandidate,-,D,S
Architecture,SCGirlCandidate,-,D,S
Civil Engineering,SCGirlCandidate,-,OD,S
Geoinformatics,SCGirlCandidate,-,OD,S
Mechanical Engineering with specialization in Electric Vehicles,SCGirlCandidate,-,OD,S
Architecture,SCGirlCandidate,-,OD,S
Civil Engineering,SpotRound-1,-,D,something bad happened
Geoinformatics,SpotRound-1,-,D,something bad happened
Mechanical Engineering with specialization in Electric Vehicles,SpotRound-1,-,D,something bad happened
Architecture,SpotRound-1,-,D,something bad happened
Civil Engineering,SpotRound-1,-,OD,something bad happened
Geoinformatics,SpotRound-1,-,OD,something bad happened
Mechanical Engineering with specialization in Electric Vehicles,SpotRound-1,-,OD,something bad happened
Architecture,SpotRound-1,-,OD,something bad happened
Civil Engineering,SpotRound-2,-,D,something bad happened
Geoinformatics,SpotRound-2,-,D,something bad happened
Mechanical Engineering with specialization in Electric Vehicles,SpotRound-2,-,D,something bad happened
Architecture,SpotRound-2,-,D,something bad happened
Civil Engineering,SpotRound-2,-,OD,something bad happened
Geoinformatics,SpotRound-2,-,OD,something bad happened
Mechanical Engineering with specialization in Electric Vehicles,SpotRound-2,-,OD,something bad happened
Architecture,SpotRound-2,-,OD,something bad happened
Civil Engineering,SC-PWD,-,D,1
Geoinformatics,SC-PWD,-,D,1
Mechanical Engineering with specialization in Electric Vehicles,SC-PWD,-,D,1
Architecture,SC-PWD,-,D,1
Civil Engineering,SC-PWD,-,OD,1
Geoinformatics,SC-PWD,-,OD,1
Mechanical Engineering with specialization in Electric Vehicles,SC-PWD,-,OD,1
Architecture,SC-PWD,-,OD,1
Civil Engineering,SC-PWD,-,D,2
Geoinformatics,SC-PWD,-,D,2
Mechanical Engineering with specialization in Electric Vehicles,SC-PWD,-,D,2
Architecture,SC-PWD,-,D,2
Civil Engineering,SC-PWD,-,OD,2
Geoinformatics,SC-PWD,-,OD,2
Mechanical Engineering with specialization in Electric Vehicles,SC-PWD,-,OD,2
Architecture,SC-PWD,-,OD,2
Civil Engineering,SC-PWD,-,D,3
Geoinformatics,SC-PWD,-,D,3
Mechanical Engineering with specialization in Electric Vehicles,SC-PWD,-,D,3
Architecture,SC-PWD,-,D,3
Civil Engineering,SC-PWD,-,OD,3
Geoinformatics,SC-PWD,-,OD,3
Mechanical Engineering with specialization in Electric Vehicles,SC-PWD,-,OD,3
Architecture,SC-PWD,-,OD,3
Civil Engineering,SC-PWD,-,D,4
Geoinformatics,SC-PWD,-,D,4
Mechanical Engineering with specialization in Electric Vehicles,SC-PWD,-,D,4
Architecture,SC-PWD,-,D,4
Civil Engineering,SC-PWD,-,OD,4
Geoinformatics,SC-PWD,-,OD,4
Mechanical Engineering with specialization in Electric Vehicles,SC-PWD,-,OD,4
Architecture,SC-PWD,-,OD,4
Civil Engineering,SC-PWD,-,D,5
Geoinformatics,SC-PWD,-,D,5
Mechanical Engineering with specialization in Electric Vehicles,SC-PWD,-,D,5
Architecture,SC-PWD,-,D,5
Civil Engineering,SC-PWD,-,OD,5
Geoinformatics,SC-PWD,-,OD,5
Mechanical Engineering with specialization in Electric Vehicles,SC-PWD,-,OD,5
Architecture,SC-PWD,-,OD,5
Civil Engineering,SC-PWD,-,D,U1
Geoinformatics,SC-PWD,-,D,U1
Mechanical Engineering with specialization in Electric Vehicles,SC-PWD,-,D,U1
Architecture,SC-PWD,-,D,U1
Civil Engineering,SC-PWD,-,OD,U1
Geoinformatics,SC-PWD,-,OD,U1
Mechanical Engineering with specialization in Electric Vehicles,SC-PWD,-,OD,U1
Architecture,SC-PWD,-,OD,U1
Civil Engineering,SC-PWD,-,D,S
Geoinformatics,SC-PWD,-,D,S
Mechanical Engineering with specialization in Electric Vehicles,SC-PWD,-,D,S
Architecture,SC-PWD,-,D,S
Civil Engineering,SC-PWD,-,OD,S
Geoinformatics,SC-PWD,-,OD,S
Mechanical Engineering with specialization in Electric Vehicles,SC-PWD,-,OD,S
Architecture,SC-PWD,-,OD,S
Civil Engineering,SC-PWD,-,D,something bad happened
Geoinformatics,SC-PWD,-,D,something bad happened
Mechanical Engineering with specialization in Electric Vehicles,SC-PWD,-,D,something bad happened
Architecture,SC-PWD,-,D,something bad happened
Civil Engineering,SC-PWD,-,OD,something bad happened
Geoinformatics,SC-PWD,-,OD,something bad happened
Mechanical Engineering with specialization in Electric Vehicles,SC-PWD,-,OD,something bad happened
Architecture,SC-PWD,-,OD,something bad happened
Civil Engineering,SpotRound-1,-,D,something bad happened
Geoinformatics,SpotRound-1,-,D,something bad happened
Mechanical Engineering with specialization in Electric Vehicles,SpotRound-1,-,D,something bad happened
Architecture,SpotRound-1,-,D,something bad happened
Civil Engineering,SpotRound-1,-,OD,something bad happened
Geoinformatics,SpotRound-1,-,OD,something bad happened
Mechanical Engineering with specialization in Electric Vehicles,SpotRound-1,-,OD,something bad happened
Architecture,SpotRound-1,-,OD,something bad happened
Civil Engineering,SpotRound-2,-,D,something bad happened
Geoinformatics,SpotRound-2,-,D,something bad happened
Mechanical Engineering with specialization in Electric Vehicles,SpotRound-2,-,D,something bad happened
Architecture,SpotRound-2,-,D,something bad happened
Civil Engineering,SpotRound-2,-,OD,something bad happened
Geoinformatics,SpotRound-2,-,OD,something bad happened
Mechanical Engineering with specialization in Electric Vehicles,SpotRound-2,-,OD,something bad happened
Architecture,SpotRound-2,-,OD,something bad happened
Civil Engineering,ST,521306,D,1
Geoinformatics,ST,-,D,1
Mechanical Engineering with specialization in Electric Vehicles,ST,742524,D,1
Architecture,ST,-,D,1
Civil Engineering,ST,-,OD,1
Geoinformatics,ST,157240,OD,1
Mechanical Engineering with specialization in Electric Vehicles,ST,124733,OD,1
Architecture,ST,-,OD,1
Civil Engineering,ST,742524,D,2
Geoinformatics,ST,-,D,2
Mechanical Engineering with specialization in Electric Vehicles,ST,-,D,2
Architecture,ST,-,D,2
Civil Engineering,ST,-,OD,2
Geoinformatics,ST,193389,OD,2
Mechanical Engineering with specialization in Electric Vehicles,ST,165178,OD,2
Architecture,ST,-,OD,2
Civil Engineering,ST,682374,D,3
Geoinformatics,ST,-,D,3
Mechanical Engineering with specialization in Electric Vehicles,ST,-,D,3
Architecture,ST,-,D,3
Civil Engineering,ST,-,OD,3
Geoinformatics,ST,220167,OD,3
Mechanical Engineering with specialization in Electric Vehicles,ST,187056,OD,3
Architecture,ST,-,OD,3
Civil Engineering,ST,-,D,4
Geoinformatics,ST,-,D,4
Mechanical Engineering with specialization in Electric Vehicles,ST,-,D,4
Architecture,ST,-,D,4
Civil Engineering,ST,-,OD,4
Geoinformatics,ST,235615,OD,4
Mechanical Engineering with specialization in Electric Vehicles,ST,187056,OD,4
Architecture,ST,-,OD,4
Civil Engineering,ST,-,D,5
Geoinformatics,ST,-,D,5
Mechanical Engineering with specialization in Electric Vehicles,ST,-,D,5
Architecture,ST,-,D,5
Civil Engineering,ST,-,OD,5
Geoinformatics,ST,248095,OD,5
Mechanical Engineering with specialization in Electric Vehicles,ST,187056,OD,5
Architecture,ST,-,OD,5
Civil Engineering,ST,-,D,U1
Geoinformatics,ST,-,D,U1
Mechanical Engineering with specialization in Electric Vehicles,ST,-,D,U1
Architecture,ST,-,D,U1
Civil Engineering,ST,-,OD,U1
Geoinformatics,ST,-,OD,U1
Mechanical Engineering with specialization in Electric Vehicles,ST,187056,OD,U1
Architecture,ST,-,OD,U1
Civil Engineering,ST,-,D,S
Geoinformatics,ST,-,D,S
Mechanical Engineering with specialization in Electric Vehicles,ST,-,D,S
Architecture,ST,-,D,S
Civil Engineering,ST,-,OD,S
Geoinformatics,ST,-,OD,S
Mechanical Engineering with specialization in Electric Vehicles,ST,187056,OD,S
Architecture,ST,-,OD,S
Civil Engineering,ST,-,D,something bad happened
Geoinformatics,ST,-,D,something bad happened
Mechanical Engineering with specialization in Electric Vehicles,ST,-,D,something bad happened
Architecture,ST,-,D,something bad happened
Civil Engineering,ST,-,OD,something bad happened
Geoinformatics,ST,-,OD,something bad happened
Mechanical Engineering with specialization in Electric Vehicles,ST,187056,OD,something bad happened
Architecture,ST,-,OD,something bad happened
Civil Engineering,SpotRound-1,-,D,something bad happened
Geoinformatics,SpotRound-1,-,D,something bad happened
Mechanical Engineering with specialization in Electric Vehicles,SpotRound-1,-,D,something bad happened
Architecture,SpotRound-1,-,D,something bad happened
Civil Engineering,SpotRound-1,-,OD,something bad happened
Geoinformatics,SpotRound-1,-,OD,something bad happened
Mechanical Engineering with specialization in Electric Vehicles,SpotRound-1,187056,OD,something bad happened
Architecture,SpotRound-1,-,OD,something bad happened
Civil Engineering,SpotRound-2,-,D,something bad happened
Geoinformatics,SpotRound-2,-,D,something bad happened
Mechanical Engineering with specialization in Electric Vehicles,SpotRound-2,-,D,something bad happened
Architecture,SpotRound-2,-,D,something bad happened
Civil Engineering,SpotRound-2,-,OD,something bad happened
Geoinformatics,SpotRound-2,-,OD,something bad happened
Mechanical Engineering with specialization in Electric Vehicles,SpotRound-2,187056,OD,something bad happened
Architecture,SpotRound-2,-,OD,something bad happened
Civil Engineering,ST-DEF,-,D,1
Geoinformatics,ST-DEF,-,D,1
Mechanical Engineering with specialization in Electric Vehicles,ST-DEF,-,D,1
Architecture,ST-DEF,-,D,1
Civil Engineering,ST-DEF,-,OD,1
Geoinformatics,ST-DEF,-,OD,1
Mechanical Engineering with specialization in Electric Vehicles,ST-DEF,-,OD,1
Architecture,ST-DEF,-,OD,1
Civil Engineering,ST-DEF,-,D,2
Geoinformatics,ST-DEF,-,D,2
Mechanical Engineering with specialization in Electric Vehicles,ST-DEF,-,D,2
Architecture,ST-DEF,-,D,2
Civil Engineering,ST-DEF,-,OD,2
Geoinformatics,ST-DEF,-,OD,2
Mechanical Engineering with specialization in Electric Vehicles,ST-DEF,-,OD,2
Architecture,ST-DEF,-,OD,2
Civil Engineering,ST-DEF,-,D,3
Geoinformatics,ST-DEF,-,D,3
Mechanical Engineering with specialization in Electric Vehicles,ST-DEF,-,D,3
Architecture,ST-DEF,-,D,3
Civil Engineering,ST-DEF,-,OD,3
Geoinformatics,ST-DEF,-,OD,3
Mechanical Engineering with specialization in Electric Vehicles,ST-DEF,-,OD,3
Architecture,ST-DEF,-,OD,3
Civil Engineering,ST-DEF,-,D,4
Geoinformatics,ST-DEF,-,D,4
Mechanical Engineering with specialization in Electric Vehicles,ST-DEF,-,D,4
Architecture,ST-DEF,-,D,4
Civil Engineering,ST-DEF,-,OD,4
Geoinformatics,ST-DEF,-,OD,4
Mechanical Engineering with specialization in Electric Vehicles,ST-DEF,-,OD,4
Architecture,ST-DEF,-,OD,4
Civil Engineering,ST-DEF,-,D,5
Geoinformatics,ST-DEF,-,D,5
Mechanical Engineering with specialization in Electric Vehicles,ST-DEF,-,D,5
Architecture,ST-DEF,-,D,5
Civil Engineering,ST-DEF,-,OD,5
Geoinformatics,ST-DEF,-,OD,5
Mechanical Engineering with specialization in Electric Vehicles,ST-DEF,-,OD,5
Architecture,ST-DEF,-,OD,5
Civil Engineering,ST-DEF,-,D,U1
Geoinformatics,ST-DEF,-,D,U1
Mechanical Engineering with specialization in Electric Vehicles,ST-DEF,-,D,U1
Architecture,ST-DEF,-,D,U1
Civil Engineering,ST-DEF,-,OD,U1
Geoinformatics,ST-DEF,-,OD,U1
Mechanical Engineering with specialization in Electric Vehicles,ST-DEF,-,OD,U1
Architecture,ST-DEF,-,OD,U1
Civil Engineering,ST-DEF,-,D,S
Geoinformatics,ST-DEF,-,D,S
Mechanical Engineering with specialization in Electric Vehicles,ST-DEF,-,D,S
Architecture,ST-DEF,-,D,S
Civil Engineering,ST-DEF,-,OD,S
Geoinformatics,ST-DEF,-,OD,S
Mechanical Engineering with specialization in Electric Vehicles,ST-DEF,-,OD,S
Architecture,ST-DEF,-,OD,S
Civil Engineering,ST-DEF,-,D,something bad happened
Geoinformatics,ST-DEF,-,D,something bad happened
Mechanical Engineering with specialization in Electric Vehicles,ST-DEF,-,D,something bad happened
Architecture,ST-DEF,-,D,something bad happened
Civil Engineering,ST-DEF,-,OD,something bad happened
Geoinformatics,ST-DEF,-,OD,something bad happened
Mechanical Engineering with specialization in Electric Vehicles,ST-DEF,-,OD,something bad happened
Architecture,ST-DEF,-,OD,something bad happened
Civil Engineering,SpotRound-1,-,D,something bad happened
Geoinformatics,SpotRound-1,-,D,something bad happened
Mechanical Engineering with specialization in Electric Vehicles,SpotRound-1,-,D,something bad happened
Architecture,SpotRound-1,-,D,something bad happened
Civil Engineering,SpotRound-1,-,OD,something bad happened
Geoinformatics,SpotRound-1,-,OD,something bad happened
Mechanical Engineering with specialization in Electric Vehicles,SpotRound-1,-,OD,something bad happened
Architecture,SpotRound-1,-,OD,something bad happened
Civil Engineering,SpotRound-2,-,D,something bad happened
Geoinformatics,SpotRound-2,-,D,something bad happened
Mechanical Engineering with specialization in Electric Vehicles,SpotRound-2,-,D,something bad happened
Architecture,SpotRound-2,-,D,something bad happened
Civil Engineering,SpotRound-2,-,OD,something bad happened
Geoinformatics,SpotRound-2,-,OD,something bad happened
Mechanical Engineering with specialization in Electric Vehicles,SpotRound-2,-,OD,something bad happened
Architecture,SpotRound-2,-,OD,something bad happened
Civil Engineering,STGirlCandidate,678683,D,1
Geoinformatics,STGirlCandidate,-,D,1
Mechanical Engineering with specialization in Electric Vehicles,STGirlCandidate,-,D,1
Architecture,STGirlCandidate,-,D,1
Civil Engineering,STGirlCandidate,-,OD,1
Geoinformatics,STGirlCandidate,-,OD,1
Mechanical Engineering with specialization in Electric Vehicles,STGirlCandidate,-,OD,1
Architecture,STGirlCandidate,-,OD,1
Civil Engineering,STGirlCandidate,-,D,2
Geoinformatics,STGirlCandidate,-,D,2
Mechanical Engineering with specialization in Electric Vehicles,STGirlCandidate,-,D,2
Architecture,STGirlCandidate,-,D,2
Civil Engineering,STGirlCandidate,-,OD,2
Geoinformatics,STGirlCandidate,-,OD,2
Mechanical Engineering with specialization in Electric Vehicles,STGirlCandidate,-,OD,2
Architecture,STGirlCandidate,-,OD,2
Civil Engineering,STGirlCandidate,-,D,3
Geoinformatics,STGirlCandidate,-,D,3
Mechanical Engineering with specialization in Electric Vehicles,STGirlCandidate,-,D,3
Architecture,STGirlCandidate,-,D,3
Civil Engineering,STGirlCandidate,-,OD,3
Geoinformatics,STGirlCandidate,-,OD,3
Mechanical Engineering with specialization in Electric Vehicles,STGirlCandidate,-,OD,3
Architecture,STGirlCandidate,-,OD,3
Civil Engineering,STGirlCandidate,-,D,4
Geoinformatics,STGirlCandidate,-,D,4
Mechanical Engineering with specialization in Electric Vehicles,STGirlCandidate,-,D,4
Architecture,STGirlCandidate,-,D,4
Civil Engineering,STGirlCandidate,-,OD,4
Geoinformatics,STGirlCandidate,-,OD,4
Mechanical Engineering with specialization in Electric Vehicles,STGirlCandidate,-,OD,4
Architecture,STGirlCandidate,-,OD,4
Civil Engineering,STGirlCandidate,-,D,5
Geoinformatics,STGirlCandidate,-,D,5
Mechanical Engineering with specialization in Electric Vehicles,STGirlCandidate,-,D,5
Architecture,STGirlCandidate,-,D,5
Civil Engineering,STGirlCandidate,-,OD,5
Geoinformatics,STGirlCandidate,-,OD,5
Mechanical Engineering with specialization in Electric Vehicles,STGirlCandidate,-,OD,5
Architecture,STGirlCandidate,-,OD,5
Civil Engineering,STGirlCandidate,-,D,U1
Geoinformatics,STGirlCandidate,-,D,U1
Mechanical Engineering with specialization in Electric Vehicles,STGirlCandidate,-,D,U1
Architecture,STGirlCandidate,-,D,U1
Civil Engineering,STGirlCandidate,-,OD,U1
Geoinformatics,STGirlCandidate,-,OD,U1
Mechanical Engineering with specialization in Electric Vehicles,STGirlCandidate,-,OD,U1
Architecture,STGirlCandidate,-,OD,U1
Civil Engineering,STGirlCandidate,-,D,S
Geoinformatics,STGirlCandidate,-,D,S
Mechanical Engineering with specialization in Electric Vehicles,STGirlCandidate,-,D,S
Architecture,STGirlCandidate,-,D,S
Civil Engineering,STGirlCandidate,-,OD,S
Geoinformatics,STGirlCandidate,-,OD,S
Mechanical Engineering with specialization in Electric Vehicles,STGirlCandidate,-,OD,S
Architecture,STGirlCandidate,-,OD,S
Civil Engineering,SpotRound-1,-,D,something bad happened
Geoinformatics,SpotRound-1,-,D,something bad happened
Mechanical Engineering with specialization in Electric Vehicles,SpotRound-1,-,D,something bad happened
Architecture,SpotRound-1,-,D,something bad happened
Civil Engineering,SpotRound-1,-,OD,something bad happened
Geoinformatics,SpotRound-1,-,OD,something bad happened
Mechanical Engineering with specialization in Electric Vehicles,SpotRound-1,-,OD,something bad happened
Architecture,SpotRound-1,-,OD,something bad happened
Civil Engineering,SpotRound-2,-,D,something bad happened
Geoinformatics,SpotRound-2,-,D,something bad happened
Mechanical Engineering with specialization in Electric Vehicles,SpotRound-2,-,D,something bad happened
Architecture,SpotRound-2,-,D,something bad happened
Civil Engineering,SpotRound-2,-,OD,something bad happened
Geoinformatics,SpotRound-2,-,OD,something bad happened
Mechanical Engineering with specialization in Electric Vehicles,SpotRound-2,-,OD,something bad happened
Architecture,SpotRound-2,-,OD,something bad happened
Civil Engineering,ST-PWD,-,D,1
Geoinformatics,ST-PWD,-,D,1
Mechanical Engineering with specialization in Electric Vehicles,ST-PWD,-,D,1
Architecture,ST-PWD,-,D,1
Civil Engineering,ST-PWD,-,OD,1
Geoinformatics,ST-PWD,-,OD,1
Mechanical Engineering with specialization in Electric Vehicles,ST-PWD,-,OD,1
Architecture,ST-PWD,-,OD,1
Civil Engineering,ST-PWD,-,D,2
Geoinformatics,ST-PWD,-,D,2
Mechanical Engineering with specialization in Electric Vehicles,ST-PWD,-,D,2
Architecture,ST-PWD,-,D,2
Civil Engineering,ST-PWD,-,OD,2
Geoinformatics,ST-PWD,-,OD,2
Mechanical Engineering with specialization in Electric Vehicles,ST-PWD,-,OD,2
Architecture,ST-PWD,-,OD,2
Civil Engineering,ST-PWD,-,D,3
Geoinformatics,ST-PWD,-,D,3
Mechanical Engineering with specialization in Electric Vehicles,ST-PWD,-,D,3
Architecture,ST-PWD,-,D,3
Civil Engineering,ST-PWD,-,OD,3
Geoinformatics,ST-PWD,-,OD,3
Mechanical Engineering with specialization in Electric Vehicles,ST-PWD,-,OD,3
Architecture,ST-PWD,-,OD,3
Civil Engineering,ST-PWD,-,D,4
Geoinformatics,ST-PWD,-,D,4
Mechanical Engineering with specialization in Electric Vehicles,ST-PWD,-,D,4
Architecture,ST-PWD,-,D,4
Civil Engineering,ST-PWD,-,OD,4
Geoinformatics,ST-PWD,-,OD,4
Mechanical Engineering with specialization in Electric Vehicles,ST-PWD,-,OD,4
Architecture,ST-PWD,-,OD,4
Civil Engineering,ST-PWD,-,D,5
Geoinformatics,ST-PWD,-,D,5
Mechanical Engineering with specialization in Electric Vehicles,ST-PWD,-,D,5
Architecture,ST-PWD,-,D,5
Civil Engineering,ST-PWD,-,OD,5
Geoinformatics,ST-PWD,-,OD,5
Mechanical Engineering with specialization in Electric Vehicles,ST-PWD,-,OD,5
Architecture,ST-PWD,-,OD,5
Civil Engineering,ST-PWD,-,D,U1
Geoinformatics,ST-PWD,-,D,U1
Mechanical Engineering with specialization in Electric Vehicles,ST-PWD,-,D,U1
Architecture,ST-PWD,-,D,U1
Civil Engineering,ST-PWD,-,OD,U1
Geoinformatics,ST-PWD,-,OD,U1
Mechanical Engineering with specialization in Electric Vehicles,ST-PWD,-,OD,U1
Architecture,ST-PWD,-,OD,U1
Civil Engineering,ST-PWD,-,D,S
Geoinformatics,ST-PWD,-,D,S
Mechanical Engineering with specialization in Electric Vehicles,ST-PWD,-,D,S
Architecture,ST-PWD,-,D,S
Civil Engineering,ST-PWD,-,OD,S
Geoinformatics,ST-PWD,-,OD,S
Mechanical Engineering with specialization in Electric Vehicles,ST-PWD,-,OD,S
Architecture,ST-PWD,-,OD,S
Civil Engineering,ST-PWD,-,D,something bad happened
Geoinformatics,ST-PWD,-,D,something bad happened
Mechanical Engineering with specialization in Electric Vehicles,ST-PWD,-,D,something bad happened
Architecture,ST-PWD,-,D,something bad happened
Civil Engineering,ST-PWD,-,OD,something bad happened
Geoinformatics,ST-PWD,-,OD,something bad happened
Mechanical Engineering with specialization in Electric Vehicles,ST-PWD,-,OD,something bad happened
Architecture,ST-PWD,-,OD,something bad happened
Civil Engineering,SpotRound-1,-,D,something bad happened
Geoinformatics,SpotRound-1,-,D,something bad happened
Mechanical Engineering with specialization in Electric Vehicles,SpotRound-1,-,D,something bad happened
Architecture,SpotRound-1,-,D,something bad happened
Civil Engineering,SpotRound-1,-,OD,something bad happened
Geoinformatics,SpotRound-1,-,OD,something bad happened
Mechanical Engineering with specialization in Electric Vehicles,SpotRound-1,-,OD,something bad happened
Architecture,SpotRound-1,-,OD,something bad happened
Civil Engineering,SpotRound-2,-,D,something bad happened
Geoinformatics,SpotRound-2,-,D,something bad happened
Mechanical Engineering with specialization in Electric Vehicles,SpotRound-2,-,D,something bad happened
Architecture,SpotRound-2,-,D,something bad happened
Civil Engineering,SpotRound-2,-,OD,something bad happened
Geoinformatics,SpotRound-2,-,OD,something bad happened
Mechanical Engineering with specialization in Electric Vehicles,SpotRound-2,-,OD,something bad happened
Architecture,SpotRound-2,-,OD,something bad happened
